samples,avg_cer_before,avg_wer_before,avg_cer_after,avg_wer_after
51,0.16921423529411767,0.3817634509803921,0.1390770196078432,0.3282942156862744
